171_grisea	172_grisea	165_grisea
171_grisea	172_grisea	165_grisea
171_grisea	172_grisea	174_grisea
171_grisea	172_grisea	173_grisea
171_grisea	172_grisea	167_grisea
171_grisea	172_grisea	166_grisea
171_grisea	172_grisea	170_grisea
171_grisea	172_grisea	168_grisea
171_grisea	172_grisea	176_grisea
171_grisea	172_grisea	178_grisea
171_grisea	168_grisea	178_grisea
171_grisea	168_grisea	166_grisea
171_grisea	170_grisea	173_grisea
171_grisea	170_grisea	165_grisea
171_grisea	170_grisea	166_grisea
171_grisea	172_grisea	164_grisea
173_grisea	172_grisea	166_grisea
171_grisea	167_grisea	173_grisea
171_grisea	167_grisea	170_grisea
164_grisea	167_grisea	165_grisea
171_grisea	167_grisea	178_grisea
171_grisea	168_grisea	173_grisea
173_grisea	172_grisea	178_grisea
173_grisea	172_grisea	165_grisea
171_grisea	168_grisea	170_grisea
171_grisea	167_grisea	165_grisea
173_grisea	170_grisea	166_grisea
171_grisea	168_grisea	165_grisea
173_grisea	168_grisea	178_grisea
171_grisea	174_grisea	173_grisea
171_grisea	167_grisea	176_grisea
173_grisea	170_grisea	165_grisea
173_grisea	168_grisea	166_grisea
171_grisea	167_grisea	164_grisea
173_grisea	167_grisea	164_grisea
173_grisea	172_grisea	164_grisea
171_grisea	170_grisea	178_grisea
171_grisea	167_grisea	166_grisea
178_grisea	170_grisea	166_grisea
171_grisea	167_grisea	168_grisea
171_grisea	170_grisea	164_grisea
164_grisea	167_grisea	166_grisea
173_grisea	167_grisea	178_grisea
176_grisea	167_grisea	164_grisea
176_grisea	167_grisea	178_grisea
173_grisea	168_grisea	165_grisea
178_grisea	172_grisea	166_grisea
164_grisea	172_grisea	165_grisea
171_grisea	174_grisea	165_grisea
176_grisea	167_grisea	173_grisea
173_grisea	167_grisea	166_grisea
171_grisea	168_grisea	164_grisea
173_grisea	167_grisea	165_grisea
173_grisea	170_grisea	178_grisea
176_grisea	168_grisea	170_grisea
165_grisea	166_grisea	168_grisea
178_grisea	172_grisea	165_grisea
176_grisea	167_grisea	170_grisea
164_grisea	170_grisea	165_grisea
176_grisea	168_grisea	178_grisea
176_grisea	168_grisea	167_grisea
176_grisea	168_grisea	171_grisea
165_grisea	166_grisea	164_grisea
164_grisea	170_grisea	166_grisea
171_grisea	174_grisea	166_grisea
173_grisea	170_grisea	164_grisea
165_grisea	166_grisea	171_grisea
176_grisea	172_grisea	164_grisea
173_grisea	168_grisea	164_grisea
171_grisea	174_grisea	178_grisea
173_grisea	174_grisea	164_grisea
178_grisea	167_grisea	164_grisea
171_grisea	174_grisea	164_grisea
176_grisea	167_grisea	165_grisea
171_grisea	174_grisea	176_grisea
164_grisea	168_grisea	165_grisea
173_grisea	174_grisea	165_grisea
176_grisea	172_grisea	178_grisea
176_grisea	168_grisea	166_grisea
176_grisea	168_grisea	172_grisea
178_grisea	167_grisea	165_grisea
171_grisea	174_grisea	170_grisea
176_grisea	172_grisea	170_grisea
164_grisea	172_grisea	166_grisea
171_grisea	174_grisea	167_grisea
173_grisea	174_grisea	178_grisea
176_grisea	167_grisea	166_grisea
171_grisea	178_grisea	166_grisea